--
-- PostgreSQL database dump
--

-- Dumped from database version 9.6.18
-- Dumped by pg_dump version 9.6.18

SET statement_timeout = 0;
SET lock_timeout = 0;
SET idle_in_transaction_session_timeout = 0;
SET client_encoding = 'UTF8';
SET standard_conforming_strings = on;
SELECT pg_catalog.set_config('search_path', '', false);
SET check_function_bodies = false;
SET xmloption = content;
SET client_min_messages = warning;
SET row_security = off;

--
-- Name: plpgsql; Type: EXTENSION; Schema: -; Owner: 
--

CREATE EXTENSION IF NOT EXISTS plpgsql WITH SCHEMA pg_catalog;


--
-- Name: EXTENSION plpgsql; Type: COMMENT; Schema: -; Owner: 
--

COMMENT ON EXTENSION plpgsql IS 'PL/pgSQL procedural language';


SET default_tablespace = '';

SET default_with_oids = false;

--
-- Name: feature; Type: TABLE; Schema: public; Owner: postgres
--

CREATE TABLE public.feature (
    feature_id integer NOT NULL,
    feature_name character varying(500) NOT NULL,
    feature_month character varying(30),
    ttv numeric,
    velocity numeric,
    project_type character varying(50),
    business_value numeric,
    unit_of_measurement character varying(50),
    kpi_subcategory_id integer,
    kpi_subcategory_priority integer,
    kpi_id integer,
    product_id integer,
    portfolio_id integer,
    lob_id integer,
    year integer,
    quarter character varying(50),
    CONSTRAINT check_parameters CHECK (((feature_id > 0) AND (kpi_subcategory_id > 0) AND (kpi_id > 0) AND (product_id > 0) AND (portfolio_id > 0) AND (lob_id > 0)))
);


ALTER TABLE public.feature OWNER TO postgres;

--
-- Name: kpi_master; Type: TABLE; Schema: public; Owner: postgres
--

CREATE TABLE public.kpi_master (
    kpi_id integer NOT NULL,
    kpi_name character varying(50) NOT NULL,
    CONSTRAINT check_parameters CHECK ((kpi_id > 0))
);


ALTER TABLE public.kpi_master OWNER TO postgres;

--
-- Name: kpi_subcategory; Type: TABLE; Schema: public; Owner: postgres
--

CREATE TABLE public.kpi_subcategory (
    kpi_subcategory_id integer NOT NULL,
    kpi_subcategory_name character varying(50) NOT NULL,
    project_type character varying(50),
    unit_of_measurement character varying(50),
    value numeric,
    priority integer,
    kpi_id integer,
    CONSTRAINT check_parameters CHECK (((kpi_subcategory_id > 0) AND (kpi_id > 0)))
);


ALTER TABLE public.kpi_subcategory OWNER TO postgres;

--
-- Name: lob; Type: TABLE; Schema: public; Owner: postgres
--

CREATE TABLE public.lob (
    lob_id integer NOT NULL,
    lob_name character varying(30) NOT NULL,
    lob_status character(1) NOT NULL,
    CONSTRAINT check_lob CHECK ((lob_id > 0)),
    CONSTRAINT check_lob_status CHECK (((lob_status = 'Y'::bpchar) OR (lob_status = 'N'::bpchar)))
);


ALTER TABLE public.lob OWNER TO postgres;

--
-- Name: portfolio; Type: TABLE; Schema: public; Owner: postgres
--

CREATE TABLE public.portfolio (
    portfolio_id integer NOT NULL,
    portfolio_name character varying(50) NOT NULL,
    portfolio_status character(1),
    lob_id integer,
    CONSTRAINT check_parameters CHECK (((portfolio_id > 0) AND ((portfolio_status = 'Y'::bpchar) OR (portfolio_status = 'N'::bpchar)) AND (lob_id > 0)))
);


ALTER TABLE public.portfolio OWNER TO postgres;

--
-- Name: product_master; Type: TABLE; Schema: public; Owner: postgres
--

CREATE TABLE public.product_master (
    product_id integer NOT NULL,
    product_name character varying(50),
    product_status character(1),
    portfolio_id integer,
    lob_id integer,
    CONSTRAINT check_parameters CHECK (((product_id > 0) AND ((product_status = 'Y'::bpchar) OR (product_status = 'N'::bpchar)) AND (lob_id > 0) AND (portfolio_id > 0)))
);


ALTER TABLE public.product_master OWNER TO postgres;

--
-- Name: temp; Type: TABLE; Schema: public; Owner: postgres
--

CREATE TABLE public.temp (
    kpi_subcategory_id integer NOT NULL,
    kpi_subcategory_name character varying(50) NOT NULL,
    project_type character varying(50),
    unit_of_measurement character varying(50),
    "values" numeric,
    kpi_id integer,
    CONSTRAINT check_parameters CHECK (((kpi_subcategory_id > 0) AND (kpi_id > 0)))
);


ALTER TABLE public.temp OWNER TO postgres;

--
-- Name: temp1; Type: TABLE; Schema: public; Owner: postgres
--

CREATE TABLE public.temp1 (
    feature_id integer NOT NULL,
    feature_name character varying(600) NOT NULL,
    feature_month character varying(30),
    ttv numeric,
    project_type character varying(50),
    business_value numeric,
    unit_of_measurement character varying(50),
    kpi_subcategory_id integer,
    kpi_id integer,
    product_id integer,
    portfolio_id integer,
    lob_id integer,
    CONSTRAINT check_parameters CHECK (((feature_id > 0) AND (kpi_subcategory_id > 0) AND (kpi_id > 0) AND (product_id > 0) AND (portfolio_id > 0) AND (lob_id > 0)))
);


ALTER TABLE public.temp1 OWNER TO postgres;

--
-- Name: users; Type: TABLE; Schema: public; Owner: postgres
--

CREATE TABLE public.users (
    user_id integer NOT NULL,
    user_name character varying(50) NOT NULL,
    password character varying(50) NOT NULL,
    first_name character varying(50),
    last_name character varying(50),
    status character(1),
    CONSTRAINT check_parameters CHECK (((user_id > 0) AND ((status = 'Y'::bpchar) OR (status = 'N'::bpchar))))
);


ALTER TABLE public.users OWNER TO postgres;

--
-- Name: year; Type: TABLE; Schema: public; Owner: postgres
--

CREATE TABLE public.year (
    year_id integer NOT NULL,
    year_number integer
);


ALTER TABLE public.year OWNER TO postgres;

--
-- Data for Name: feature; Type: TABLE DATA; Schema: public; Owner: postgres
--

COPY public.feature (feature_id, feature_name, feature_month, ttv, velocity, project_type, business_value, unit_of_measurement, kpi_subcategory_id, kpi_subcategory_priority, kpi_id, product_id, portfolio_id, lob_id, year, quarter) FROM stdin;
23	Remove Racer Nightly from Refund Process	20-Mar	5	12	Capital	80	Number	17	4	2	10	2	2	2020	Q1
24	Enhancements for Incorporating Data Science Model (PSM) Output	20-Mar	4	13	Capital	90	Number	18	5	2	10	2	2	2020	Q1
25	MnR Claims Reconciliation Implementation for COSMOS	20-Mar	5	14	Capital	0.57	Dollars in Million	19	6	2	10	2	2	2020	Q1
28	Feature F85453: Enabler: HTTP Compression for CM services	20-Mar	4	17	Maintenance	3	Points	22	9	2	10	2	2	2020	Q1
29	Fix Fortify Vulnerabilities	20-Mar	5.2	18	Maintenance	75	Percentage	23	10	2	10	2	2	2020	Q1
30	CORE Bulk Upload: Excel upload	20-Mar	6	17	Capital	80	Percentage	24	1	4	10	2	2	2020	Q1
31	CORE:Kubernates Stage and Production Set up	20-Mar	7	14	Capital	4	Points	25	2	4	10	2	2	2020	Q1
32	CORE Automated Image Validation	20-Mar	8	15	Capital	5	Points	26	3	4	10	2	2	2020	Q1
33	Add CIRRUS claims to the ODAR Exporter for obtaining UID and tagging purposes	20-Mar	6	18	Capital	70	Percentage	27	4	4	10	2	2	2020	Q1
34	AP Tool Invalid Admn Fee data	20-Mar	7	15	Capital	3	Points	28	5	4	10	2	2	2020	Q1
35	Concurrency in OMP - add option for user to unlock account	20-Mar	8	15	Capital	40	Hours	29	6	4	10	2	2	2020	Q1
36	CAP - Provider Case - Case Structure	20-Mar	5	16	Capital	4	Points	30	7	4	10	2	2	2020	Q1
37	CAP - Provider Case - EDR Tab	20-Mar	6	15	Capital	500	Number	31	8	4	10	2	2	2020	Q1
38	TDD - Update Orthonet case creation to use Case Consumer	20-Mar	4	12	Capital	75	Percentage	63	1	5	10	2	2	2020	Q1
39	TDD - ISR Event For Claim API	20-Mar	5	13	Capital	20	Percentage	64	2	5	10	2	2	2020	Q1
40	TDD - Orthonet Data Validation	20-Mar	6	14	Capital	80	Percentage	65	3	5	10	2	2	2020	Q1
41	CAP - Provider Case - Case Creation	20-Mar	8	15	Capital	0.411	Dollars in Million	66	4	5	10	2	2	2020	Q1
42	Cosmos Org Mapping	20-Mar	9	16	Maintenance	70	Percentage	67	5	5	10	2	2	2020	Q1
43	Cap-TennCare: Associate Review claim task with Case investigation	20-Mar	10	17	Maintenance	40	Percentage	68	6	5	10	2	2	2020	Q1
44	Track missing claims from IDWS to ODAR	20-Mar	12	13	Maintenance	50	Percentage	69	7	5	10	2	2	2020	Q1
45	CAP - TennCare: SA - Setup Claim decision codes	20-Mar	12.1	14	Maintenance	60	Percentage	70	8	5	10	2	2	2020	Q1
46	Linking Payment system to new framework	Mar-20	5.2	15	Capital	1.8	Dollars in Million	1	3	1	10	2	2	2020	Q1
47	Increasing number of billings a client can store	Jan-20	5.6	16	Capital	1.5	Dollars in Million	2	4	1	10	2	2	2020	Q1
48	Ability for user to add comments and remarks for their payments and bills	Feb-20	6	17	Capital	1	Dollars in Million	3	5	1	10	2	2	2020	Q1
49	Improving automation to hadnle request processes	Mar-20	6.5	18	Capital	0.8	Dollars in Million	4	6	1	10	2	2	2020	Q1
50	Developing filter feature in-house to remove licensing compliance	Feb-20	5.8	19	Maintenance	0.1	Dollars in Million	11	7	1	10	2	2	2020	Q1
51	Use new software to put less load on bulk upload of billings	Mar-20	6	11	Maintenance	0.5	Dollars in Million	12	8	1	10	2	2	2020	Q1
52	Increase movements of claims from start to end	Jan-20	5	12	Capital	1.2	Dollars in Million	1	3	1	10	2	2	2020	Q1
53	Simplify filling process of billings submitted	Feb-20	5.8	16	Capital	2	Dollars in Million	2	4	1	10	2	2	2020	Q1
54	Adding date and time option to increase tranasaction transparency	Mar-20	6	17	Capital	0.5	Dollars in Million	3	5	1	10	2	2	2020	Q1
55	Increasing simplification of verification process	Jan-20	5.3	19	Capital	0.8	Dollars in Million	4	6	1	10	2	2	2020	Q1
56	Optimising search bar option by mapping relevant information	Feb-20	6.5	15	Maintenance	0.2	Dollars in Million	9	1	1	10	2	2	2020	Q1
57	Optimising the filter option on filling claims	Mar-20	5.4	13	Maintenance	0.5	Dollars in Million	10	2	1	10	2	2	2020	Q1
58	Using source free software for checking usage	Jan-20	5.9	17	Maintenance	0.13	Dollars in Million	11	7	1	10	2	2	2020	Q1
59	Developing framework to ensure secure file sharing	Feb-20	6.1	12	Maintenance	0.105	Dollars in Million	12	8	1	10	2	2	2020	Q1
60	Filling up of claims form for TDD-1234	Jan-20	5.4	\N	Capital	20	Hours	43	1	3	10	2	2	2020	Q1
61	Date and Time option for billing procedures	Feb-20	5.6	\N	Capital	15	Hours	43	1	3	10	2	2	2020	Q1
62	Deficit optimization of time lag during new request formation	Mar-20	5.8	\N	Capital	3	Points	47	2	3	10	2	2	2020	Q1
63	Increase in operational efficiency as users can view more rows on claims notes	Jan-20	6	\N	Capital	3	Points	47	2	3	10	2	2	2020	Q1
64	Link to OPIDMINTK-A-8 - Add dropdown field in Input Form	Feb-20	5.3	\N	Capital	0.2	Dollars in Million	48	5	3	10	2	2	2020	Q1
65	Add scrollbar functionality to request forms	Mar-20	6.8	\N	Capital	0.5	Dollars in Million	48	5	3	10	2	2	2020	Q1
66	Add dropdown and filter menu to simplify search procedure	Jan-20	4.9	\N	Capital	35	Percentage	50	6	3	10	2	2	2020	Q1
67	Simplify verification procedure to fills bills	Feb-20	5	\N	Capital	42.8	Percentage	50	6	3	10	2	2	2020	Q1
68	Add addition and subtraction functionalities to speed up claims	Mar-20	5.1	\N	Maintenance	25	Hours	52	7	3	10	2	2	2020	Q1
69	Undergo technical formalities addressing security	Jan-20	6.3	\N	Maintenance	18	Hours	52	7	3	10	2	2	2020	Q1
70	Adding input box to type bills directly to upload	Feb-20	5.7	\N	Maintenance	25	Hours	53	4	3	10	2	2	2020	Q1
71	Add search bar option in verification process	Mar-20	5.6	\N	Maintenance	26	Hours	53	4	3	10	2	2	2020	Q1
72	Fix time lag between loading of new forms and submitting request	Jan-20	6.2	\N	Maintenance	12	Number	59	8	3	10	2	2	2020	Q1
73	Simplify verification procedure to fill claims	Feb-20	5	\N	Maintenance	9	Number	59	8	3	10	2	2	2020	Q1
1	Modify VOX Scheduled Action Import Logic	20-Jan	6.5	12	Maintenance	1.1	Dollars in Million	9	1	1	7	2	2	2020	Q1
2	MnR Claims Reconciliation Implementation for COSMOS	20-Jan	5.8	15	Maintenance	1.5	Dollars in Million	10	2	1	7	2	2	2020	Q1
3	CORE Bulk Upload: Excel upload	20-Jan	5.5	20	Maintenance	12	Hours	57	6	3	5	2	2	2020	Q1
4	Claims should move immediately to new status without having to reload the CLIE	20-Feb	5.1	16	Maintenance	991	Hours	57	6	3	10	2	2	2020	Q1
5	PICTS will provide the ability to create a Provider Case.	20-Feb	5.5	17	Capital	1.1	Dollars in Million	9	1	1	6	2	2	2020	Q1
6	Add ALL filtering options to ALL columns on the CLIE and Reassignment screens	20-Mar	5.5	15	Maintenance	182	Hours	57	6	3	10	2	2	2020	Q1
7	Claims should move immediately to new status without having to reload the CLIE	20-Mar	5.1	14	Maintenance	1.8	Dollars in Million	10	2	1	10	2	2	2020	Q1
8	Possible dup check process enhancements	20-Mar	5.1	16	Maintenance	0.133	Dollars in Million	9	1	1	10	2	2	2020	Q1
9	Feature F68707: AMT JIT Import Modernization	20-Mar	5.2	18	Capital	20	Percentage	76	12	5	9	2	2	2020	Q1
10	Feature F85162: Multiple Claim Miner Screen Utilization (Medicare form)	20-Mar	5.2	17	Maintenance	165	Hours	57	6	3	17	2	2	2020	Q1
11	Feature F84996: Ability to Add Spanish Comments to Client	20-Mar	5.2	16	Maintenance	48	Hours	57	6	3	17	2	2	2020	Q1
12	Enhancements for Incorporating Data Science Model (PSM) Output	20-Mar	5.1	14	Maintenance	1.5	Dollars in Million	9	1	1	17	2	2	2020	Q1
13	Cosmos claims loaded to ODAR are assigned the correct Organization. Claims are not rejected upon claim import due to invalid mapping	20-Mar	5.5	13	Maintenance	0.4	Dollars in Million	75	14	1	7	2	2	2020	Q1
14	Optum SIU C&S CSP Government Work	20-Mar	5	18	Capital	15	Percentage	74	20	4	6	2	2	2020	Q1
15	Increase in operational efficiency as users can view more rows on adjustment notes	20-Mar	5.2	12	Maintenance	40	Hours	57	6	3	10	2	2	2020	Q1
16	Link to OPIDMINTK-I-8 - Add scroll bar to COB dropdown field in Input Form	20-Mar	5.2	13	Maintenance	30	Hours	57	6	3	10	2	2	2020	Q1
17	ECG Tracker Migration from Sharepoint	20-Mar	5	16	Maintenance	0.3	Dollars in Million	11	7	1	12	4	3	2020	Q1
18	File Auto copy to NAS location	20-Mar	5	17	Maintenance	0.5	Dollars in Million	10	2	1	12	4	3	2020	Q1
19	Automated ACC record back out for unstructured files	20-Mar	5	15	Maintenance	0.36	Dollars in Million	10	2	1	12	4	3	2020	Q1
20	Prevent Duplicate Appeals in ODAR	20-Mar	4	20	Capital	20	Number	14	1	2	10	2	2	2020	Q1
21	Claim Miner Recovery comments Enhancements	20-Mar	5	10	Capital	100	Number	15	2	2	10	2	2	2020	Q1
22	TWS Exceptions Remediation	20-Mar	5	11	Capital	75	Percentage	16	3	2	10	2	2	2020	Q1
26	ODAR_OSWSApp_Git projects on Jenkins Deployment	20-Mar	5	15	Capital	80	Number	20	7	2	10	2	2	2020	Q1
27	Odar Appeal Received Date	20-Mar	5	16	Maintenance	5	Points	21	8	2	10	2	2	2020	Q1
\.


--
-- Data for Name: kpi_master; Type: TABLE DATA; Schema: public; Owner: postgres
--

COPY public.kpi_master (kpi_id, kpi_name) FROM stdin;
1	Commercial
2	Market
3	Efficiency
4	Customer Value
5	Future Trends
\.


--
-- Data for Name: kpi_subcategory; Type: TABLE DATA; Schema: public; Owner: postgres
--

COPY public.kpi_subcategory (kpi_subcategory_id, kpi_subcategory_name, project_type, unit_of_measurement, value, priority, kpi_id) FROM stdin;
1	Revenue Growth (Due to Billings)	Capital	Dollars	\N	3	1
2	Revenue Growth (Due to Sales)	Capital	Dollars	\N	4	1
3	Opportunity Cost	Capital	Dollars	\N	5	1
4	NPV	Capital	Dollars	\N	6	1
5	ROI	Capital	Dollars	\N	9	1
6	Productivity Gains	Capital	Dollars	\N	11	1
7	Actual vs Budget Value	Capital	Dollars	\N	12	1
8	Cost of acquiring a customer	Capital	Dollars	\N	13	1
9	Cost savings - Operational	Maintenance	Dollars	\N	1	1
10	Cost savings - Automation	Maintenance	Dollars	\N	2	1
11	Cost savings - Licensing	Maintenance	Dollars	\N	7	1
12	Cost savings - Infrastructure	Maintenance	Dollars	\N	8	1
13	Productivity Gains	Maintenance	Dollars	\N	10	1
14	Increment in number of features	Capital	Number	\N	1	2
15	Increment in number of customers	Capital	Number	\N	2	2
16	Rate of Adoption	Capital	Percentage	\N	3	2
17	Market Coverage index	Capital	Number	\N	4	2
18	Configurability index	Capital	Number	\N	5	2
19	Cross sell	Capital	Dollars	\N	6	2
20	New Product index	Capital	Number	\N	7	2
21	Scalability improvement	Maintenance	Points	\N	8	2
22	Product Quality	Maintenance	Points	\N	9	2
23	Increased market penetration wrt customers	Maintenance	Percentage	\N	10	2
24	Number of NPS Influencers	Capital	Percentage	\N	1	4
25	Improvement in user experience	Capital	Points	\N	2	4
26	Customer Responsiveness	Capital	Points	\N	3	4
27	Risk Reduction	Capital	Percentage	\N	4	4
28	Transparency and Commitment	Capital	Points	\N	5	4
29	Cycle Time	Capital	Hours	\N	6	4
30	Customer Satisfaction	Capital	Points	\N	7	4
31	Number of referrals	Capital	Number	\N	8	4
32	Customer Lifetime Value	Maintenance	Dollars	\N	9	4
33	Number of NPS Influencers	Maintenance	Percentage	\N	10	4
34	Improvement in user experience	Maintenance	Points	\N	11	4
35	Customer Satisfaction	Maintenance	Points	\N	12	4
36	Risk Reduction	Maintenance	Percentage	\N	13	4
37	Bounce Rate	Maintenance	Number	\N	14	4
38	Conversion Rate	Maintenance	Number	\N	15	4
39	Number of referrals	Maintenance	Number	\N	16	4
40	Customer Retention Rate	Maintenance	Number	\N	17	4
41	Average Annual Expenses to Serve One Customer	Maintenance	Dollars	\N	18	4
42	Reduction in User Effort	Maintenance	Percentage	\N	19	4
43	Development hours saved	Capital	Hours	\N	1	3
44	Improvement in Sprint Velocity	Capital	Points	\N	10	3
45	Improvement in Time To Value	Capital	Hours	\N	11	3
46	Improvement in Time To Build	Capital	Hours	\N	12	3
47	Release Stabilization	Capital	Points	\N	2	3
48	On-budget delivery of project	Capital	Dollars	\N	5	3
49	On-time (time to market) delivery of project	Capital	Hours	\N	13	3
50	Reduced Technical effort	Capital	Percentage	\N	9	3
51	Number of Support Requests per Product	Capital	Number	\N	14	3
52	Manual effort saved (automation)	Maintenance	Hours	\N	7	3
53	Development hours saved	Maintenance	Hours	\N	4	3
54	Improvement in Sprint Velocity	Maintenance	Points	\N	3	3
55	Improvement in Time To Value	Maintenance	Hours	\N	15	3
56	Improvement in Time To Build	Maintenance	Hours	\N	16	3
57	Improvement in Operational Efficiency	Maintenance	Percentage	\N	6	3
58	Improvement in Reporting Efficiency	Maintenance	Percentage	\N	17	3
59	Number of Support Requests per Product	Maintenance	Number	\N	8	3
60	Time to resolution	Maintenance	Percentage	\N	18	3
61	Performance improvement	Maintenance	Points	\N	19	3
62	Reduction in escaped defects	Maintenance	Number	\N	20	3
63	Innovation rate	Capital	Percentage	\N	1	5
64	Investing in new framework	Capital	Percentage	\N	2	5
65	Improvement in Security	Capital	Percentage	\N	3	5
66	FTE Savings	Capital	Dollars	\N	4	5
67	Percentage automation	Maintenance	Percentage	\N	5	5
68	Improvement in Strategic Decision Making	Maintenance	Percentage	\N	6	5
69	Upgradation of platform	Maintenance	Percentage	\N	7	5
70	Improvement in Security	Maintenance	Percentage	\N	8	5
71	Maintenance Reduction	Maintenance	Percentage	\N	9	5
72	Process Re-engineering	Maintenance	Percentage	\N	10	5
73	Risk Mitigation	Maintenance	Points	\N	11	5
74	Reduction in User Effort	Capital	Percentage	\N	20	4
75	FTE cost savings	Maintenance	FTE	\N	14	1
76	Infrastructure Cost reduction	Capital	Percentage	\N	12	5
\.


--
-- Data for Name: lob; Type: TABLE DATA; Schema: public; Owner: postgres
--

COPY public.lob (lob_id, lob_name, lob_status) FROM stdin;
1	Cloud Technology	Y
2	OptumInsight	Y
3	UCS	Y
4	Data Solutions	Y
5	Rx	Y
\.


--
-- Data for Name: portfolio; Type: TABLE DATA; Schema: public; Owner: postgres
--

COPY public.portfolio (portfolio_id, portfolio_name, portfolio_status, lob_id) FROM stdin;
1	AVRC	Y	1
2	Payment Integrity	Y	2
3	RQ	Y	2
4	Data Acquisition	Y	3
5	Data Solutions	Y	4
6	Optum Rx Portal	Y	5
\.


--
-- Data for Name: product_master; Type: TABLE DATA; Schema: public; Owner: postgres
--

COPY public.product_master (product_id, product_name, product_status, portfolio_id, lob_id) FROM stdin;
1	Health Plan Manager	Y	1	1
2	Benefit Analytic Manager	Y	1	1
3	P2	Y	2	2
4	Exodes	Y	2	2
5	Commercial	Y	2	2
6	PICTS	Y	2	2
7	ODAR	Y	2	2
8	Data Mining	Y	2	2
9	COB WoW	Y	2	2
10	IDWS	Y	2	2
11	MRM	Y	3	2
12	DXP	Y	4	3
13	MyDataStudio	Y	5	4
14	EPIC	Y	5	4
15	DQaaS	Y	5	4
16	Optum Rx Portal	Y	6	5
17	Claim Miner	Y	2	2
\.


--
-- Data for Name: temp; Type: TABLE DATA; Schema: public; Owner: postgres
--

COPY public.temp (kpi_subcategory_id, kpi_subcategory_name, project_type, unit_of_measurement, "values", kpi_id) FROM stdin;
1	Revenue Growth (Due to Billings)	Capital	Dollars	\N	1
2	Revenue Growth (Due to Sales)	Capital	Dollars	\N	1
3	Opportunity Cost	Capital	Dollars	\N	1
4	Portfolio wise business valuation	Capital	Dollars	\N	1
6	Cost savings - Operational	Maintenance	Dollars	\N	1
7	Cost savings - Automation	Maintenance	Dollars	\N	1
8	Cost savings - Licensing	Maintenance	Dollars	\N	1
9	Productivity Gains	Maintenance	Dollars	\N	1
11	Increment in market share	Capital	Percentage	\N	2
12	Increment in number of features	Capital	Number	\N	2
13	Increment in number of customers	Capital	Number	\N	2
14	Rate of Adoption	Capital	Percentage	\N	2
16	Scalability improvement	Maintenance	Points	\N	2
17	Product Quality	Maintenance	Points	\N	2
18	Increased market penetration	Maintenance	Percentage	\N	2
20	Number of NPS Influencers	Capital	Percentage	\N	4
21	Improvement in user experience	Capital	Points	\N	4
22	Cycle Time	Capital	Hours	\N	4
23	Customer Satisfaction	Capital	Points	\N	4
24	Customer Lifetime Value	Capital	Dollars	\N	4
25	Improvement in user experience	Maintenance	Points	\N	4
26	Improvement in Daily Active Users (DAU)	Maintenance	Number	\N	4
27	Bounce Rate	Maintenance	Number	\N	4
28	Conversion Rate	Maintenance	Number	\N	4
29	Customer Retention Rate	Maintenance	Number	\N	4
30	Average Annual Expenses to Serve One Customer	Maintenance	Dollars	\N	4
31	Reduction in User Effort	Maintenance	Percentage	\N	4
32	Development hours saved	Capital	Hours	\N	3
33	Improvement in Sprint Velocity	Capital	Points	\N	3
34	Improvement in Time To Value	Capital	Hours	\N	3
35	Release Stabilization	Capital	Points	\N	3
36	On-budget delivery of project	Capital	Dollars	\N	3
37	On-time (time to market) delivery of project	Capital	Hours	\N	3
38	Number of Support Requests per Product	Capital	Number	\N	3
39	Manual effort saved (automation)	Maintenance	Hours	\N	3
40	Development hours saved	Maintenance	Hours	\N	3
41	Improvement in Sprint Velocity	Maintenance	Points	\N	3
42	Improvement in Time To Value	Maintenance	Hours	\N	3
43	Imprtovment in Time To Build	Maintenance	Hours	\N	3
44	Improvement in Operational Efficiency	Maintenance	Percentage	\N	3
45	Improvement in Reporting Efficiency	Maintenance	Percentage	\N	3
46	Number of Support Requests per Product	Maintenance	Number	\N	3
47	Customer Effort Score	Maintenance	Points	\N	3
48	Improvement in Installed Version Index	Maintenance	Points	\N	5
49	Improvement in Strategic Decision Making	Maintenance	Percentage	\N	5
50	Improvement in Innovation Rate	Maintenance	Number	\N	5
51	Improvement in Security	Maintenance	Percentage	\N	5
52	Infrastructure Cost Reduction	Capital	percentage	\N	5
53	FTE Cost Saving	Maintainence	FTE	\N	1
\.


--
-- Data for Name: temp1; Type: TABLE DATA; Schema: public; Owner: postgres
--

COPY public.temp1 (feature_id, feature_name, feature_month, ttv, project_type, business_value, unit_of_measurement, kpi_subcategory_id, kpi_id, product_id, portfolio_id, lob_id) FROM stdin;
1	Modify VOX Scheduled Action Import Logic	Jan-20	6.5	Maintenance	1.1	Dollars in Million	6	1	7	2	2
2	MnR Claims Reconciliation Implementation for COSMOS	Jan-20	5.8	Maintenance	1.5	Dollars in Million	7	1	7	2	2
3	CORE Bulk Upload: Excel upload	Jan-20	5.5	Maintenance	12	Hours	44	3	5	2	2
4	Claims should move immediately to new status without having to reload the CLIE	Feb-20	5.1	Maintenance	991	Hours	44	3	10	2	2
5	PICTS will provide the ability to create a Provider Case.	Feb-20	5.5	Capital	1.1	Dollars in Million	6	1	6	2	2
6	Add ALL filtering options to ALL columns on the CLIE and Reassignment screens	Mar-20	5.5	Maintenance	182	Hours 	44	3	10	2	2
7	Claims should move immediately to new status without having to reload the CLIE	Mar-20	5.1	Maintenance	1.8	Dollars in Million	7	1	10	2	2
8	Possible dup check process enhancements	Mar-20	5.1	Maintenance	133000	Dollars	6	1	10	2	2
9	Feature F68707: AMT JIT Import Modernization	Mar-20	5.2	Capital	20	Percentage	52	5	9	2	2
10	Feature F85162: Multiple Claim Miner Screen Utilization (Medicare form)	Mar-20	5.2	Maintenance	165	Hours	44	3	17	2	2
11	Feature F84996: Ability to Add Spanish Comments to Client	Mar-20	5.2	Maintenance	48	Hours	44	3	17	2	2
12	Enhancements for Incorporating Data Science Model (PSM) Output	Mar-20	5.1	Maintenance	1.5	Million	6	1	17	2	2
13	Cosmos claims loaded to ODAR are assigned the correct Organization. Claims are not rejected upon claim import due to invalid mapping	Mar-20	5.5	Maintenance	0.4	FTE	53	1	7	2	2
14	Optum SIU C&S CSP Government Work	Mar-20	5	Capital	15	%	31	4	6	2	2
15	Increase in operational efficiency as users can view more rows on adjustment notes	Mar-20	5.2	Maintenance	40	Hours	44	3	10	2	2
16	Link to OPIDMINTK-I-8 - Add scroll bar to COB dropdown field in Input Form	Mar-20	5.2	Maintenance	30	Hours	44	3	10	2	2
17	ECG Tracker Migration from Sharepoint	20-Mar	5	Maintenance	300	Dollars	8	1	12	4	3
18	File Auto copy to NAS location	20-Mar	5	Maintenance	500	Dollars	7	1	12	4	3
19	Automated ACC record back out for unstructured files	20-Mar	5	Maintenance	3600	Dollars	7	1	12	4	3
\.


--
-- Data for Name: users; Type: TABLE DATA; Schema: public; Owner: postgres
--

COPY public.users (user_id, user_name, password, first_name, last_name, status) FROM stdin;
1	slawang	hello	sharon	lawang	Y
\.


--
-- Data for Name: year; Type: TABLE DATA; Schema: public; Owner: postgres
--

COPY public.year (year_id, year_number) FROM stdin;
1	2016
2	2017
3	2018
4	2019
5	2020
\.


--
-- Name: temp1 feature_pkey; Type: CONSTRAINT; Schema: public; Owner: postgres
--

ALTER TABLE ONLY public.temp1
    ADD CONSTRAINT feature_pkey PRIMARY KEY (feature_id);


--
-- Name: feature feature_pkey1; Type: CONSTRAINT; Schema: public; Owner: postgres
--

ALTER TABLE ONLY public.feature
    ADD CONSTRAINT feature_pkey1 PRIMARY KEY (feature_id);


--
-- Name: kpi_master kpi_master_pkey; Type: CONSTRAINT; Schema: public; Owner: postgres
--

ALTER TABLE ONLY public.kpi_master
    ADD CONSTRAINT kpi_master_pkey PRIMARY KEY (kpi_id);


--
-- Name: temp kpi_subcategory_pkey; Type: CONSTRAINT; Schema: public; Owner: postgres
--

ALTER TABLE ONLY public.temp
    ADD CONSTRAINT kpi_subcategory_pkey PRIMARY KEY (kpi_subcategory_id);


--
-- Name: kpi_subcategory kpi_subcategory_pkey1; Type: CONSTRAINT; Schema: public; Owner: postgres
--

ALTER TABLE ONLY public.kpi_subcategory
    ADD CONSTRAINT kpi_subcategory_pkey1 PRIMARY KEY (kpi_subcategory_id);


--
-- Name: lob lob_pkey; Type: CONSTRAINT; Schema: public; Owner: postgres
--

ALTER TABLE ONLY public.lob
    ADD CONSTRAINT lob_pkey PRIMARY KEY (lob_id);


--
-- Name: portfolio portfolio_pkey; Type: CONSTRAINT; Schema: public; Owner: postgres
--

ALTER TABLE ONLY public.portfolio
    ADD CONSTRAINT portfolio_pkey PRIMARY KEY (portfolio_id);


--
-- Name: product_master product_master_pkey; Type: CONSTRAINT; Schema: public; Owner: postgres
--

ALTER TABLE ONLY public.product_master
    ADD CONSTRAINT product_master_pkey PRIMARY KEY (product_id);


--
-- Name: users users_pkey; Type: CONSTRAINT; Schema: public; Owner: postgres
--

ALTER TABLE ONLY public.users
    ADD CONSTRAINT users_pkey PRIMARY KEY (user_id);


--
-- Name: year year_pkey; Type: CONSTRAINT; Schema: public; Owner: postgres
--

ALTER TABLE ONLY public.year
    ADD CONSTRAINT year_pkey PRIMARY KEY (year_id);


--
-- Name: temp1 feature_kpi_id_fkey; Type: FK CONSTRAINT; Schema: public; Owner: postgres
--

ALTER TABLE ONLY public.temp1
    ADD CONSTRAINT feature_kpi_id_fkey FOREIGN KEY (kpi_id) REFERENCES public.kpi_master(kpi_id);


--
-- Name: feature feature_kpi_id_fkey1; Type: FK CONSTRAINT; Schema: public; Owner: postgres
--

ALTER TABLE ONLY public.feature
    ADD CONSTRAINT feature_kpi_id_fkey1 FOREIGN KEY (kpi_id) REFERENCES public.kpi_master(kpi_id);


--
-- Name: temp1 feature_kpi_subcategory_id_fkey; Type: FK CONSTRAINT; Schema: public; Owner: postgres
--

ALTER TABLE ONLY public.temp1
    ADD CONSTRAINT feature_kpi_subcategory_id_fkey FOREIGN KEY (kpi_subcategory_id) REFERENCES public.temp(kpi_subcategory_id);


--
-- Name: feature feature_kpi_subcategory_id_fkey1; Type: FK CONSTRAINT; Schema: public; Owner: postgres
--

ALTER TABLE ONLY public.feature
    ADD CONSTRAINT feature_kpi_subcategory_id_fkey1 FOREIGN KEY (kpi_subcategory_id) REFERENCES public.kpi_subcategory(kpi_subcategory_id);


--
-- Name: temp1 feature_lob_id_fkey; Type: FK CONSTRAINT; Schema: public; Owner: postgres
--

ALTER TABLE ONLY public.temp1
    ADD CONSTRAINT feature_lob_id_fkey FOREIGN KEY (lob_id) REFERENCES public.lob(lob_id);


--
-- Name: feature feature_lob_id_fkey1; Type: FK CONSTRAINT; Schema: public; Owner: postgres
--

ALTER TABLE ONLY public.feature
    ADD CONSTRAINT feature_lob_id_fkey1 FOREIGN KEY (lob_id) REFERENCES public.lob(lob_id);


--
-- Name: temp1 feature_portfolio_id_fkey; Type: FK CONSTRAINT; Schema: public; Owner: postgres
--

ALTER TABLE ONLY public.temp1
    ADD CONSTRAINT feature_portfolio_id_fkey FOREIGN KEY (portfolio_id) REFERENCES public.portfolio(portfolio_id);


--
-- Name: feature feature_portfolio_id_fkey1; Type: FK CONSTRAINT; Schema: public; Owner: postgres
--

ALTER TABLE ONLY public.feature
    ADD CONSTRAINT feature_portfolio_id_fkey1 FOREIGN KEY (portfolio_id) REFERENCES public.portfolio(portfolio_id);


--
-- Name: temp1 feature_product_id_fkey; Type: FK CONSTRAINT; Schema: public; Owner: postgres
--

ALTER TABLE ONLY public.temp1
    ADD CONSTRAINT feature_product_id_fkey FOREIGN KEY (product_id) REFERENCES public.product_master(product_id);


--
-- Name: feature feature_product_id_fkey1; Type: FK CONSTRAINT; Schema: public; Owner: postgres
--

ALTER TABLE ONLY public.feature
    ADD CONSTRAINT feature_product_id_fkey1 FOREIGN KEY (product_id) REFERENCES public.product_master(product_id);


--
-- Name: temp kpi_subcategory_kpi_id_fkey; Type: FK CONSTRAINT; Schema: public; Owner: postgres
--

ALTER TABLE ONLY public.temp
    ADD CONSTRAINT kpi_subcategory_kpi_id_fkey FOREIGN KEY (kpi_id) REFERENCES public.kpi_master(kpi_id) ON DELETE CASCADE;


--
-- Name: kpi_subcategory kpi_subcategory_kpi_id_fkey1; Type: FK CONSTRAINT; Schema: public; Owner: postgres
--

ALTER TABLE ONLY public.kpi_subcategory
    ADD CONSTRAINT kpi_subcategory_kpi_id_fkey1 FOREIGN KEY (kpi_id) REFERENCES public.kpi_master(kpi_id) ON DELETE CASCADE;


--
-- Name: portfolio portfolio_lob_id_fkey; Type: FK CONSTRAINT; Schema: public; Owner: postgres
--

ALTER TABLE ONLY public.portfolio
    ADD CONSTRAINT portfolio_lob_id_fkey FOREIGN KEY (lob_id) REFERENCES public.lob(lob_id) ON DELETE CASCADE;


--
-- Name: product_master product_master_lob_id_fkey; Type: FK CONSTRAINT; Schema: public; Owner: postgres
--

ALTER TABLE ONLY public.product_master
    ADD CONSTRAINT product_master_lob_id_fkey FOREIGN KEY (lob_id) REFERENCES public.lob(lob_id) ON DELETE CASCADE;


--
-- Name: product_master product_master_portfolio_id_fkey; Type: FK CONSTRAINT; Schema: public; Owner: postgres
--

ALTER TABLE ONLY public.product_master
    ADD CONSTRAINT product_master_portfolio_id_fkey FOREIGN KEY (portfolio_id) REFERENCES public.portfolio(portfolio_id) ON DELETE CASCADE;


--
-- PostgreSQL database dump complete
--

